<?xml version="1.0" encoding="UTF-8"?>
<beans xmlns="http://www.springframework.org/schema/beans"
	xmlns:xsi="http://www.w3.org/2001/XMLSchema-instance" xmlns:context="http://www.springframework.org/schema/context"
	xmlns:jaxrs="http://cxf.apache.org/jaxrs" xmlns:jaxws="http://cxf.apache.org/jaxws"
	xsi:schemaLocation="
http://www.springframework.org/schema/beans
http://www.springframework.org/schema/beans/spring-beans.xsd
http://cxf.apache.org/jaxrs
http://cxf.apache.org/schemas/jaxrs.xsd
http://cxf.apache.org/jaxws
http://cxf.apache.org/schemas/jaxws.xsd
http://www.springframework.org/schema/context
http://www.springframework.org/schema/context/spring-context-2.5.xsd">

	<import resource="classpath:META-INF/cxf/cxf.xml" />
	<import resource="classpath:META-INF/cxf/cxf-extension-jaxrs-binding.xml" />
	<import resource="classpath:META-INF/cxf/cxf-extension-http-binding.xml" />
	<import resource="classpath:META-INF/cxf/cxf-servlet.xml" />

	<context:component-scan base-package="com.percussion.pso.restservice" />

	<!-- JAX-RS -->
	<jaxrs:server id="jax-rs" address="/">
		<jaxrs:serviceBeans>
			<ref bean="restItemService" />
				<ref bean="packageService" />
		</jaxrs:serviceBeans>
		<jaxrs:extensionMappings>
			<entry key="json" value="application/json" />
			<entry key="xml" value="application/xml" />
		</jaxrs:extensionMappings>
	</jaxrs:server>


</beans>
